scholarship_amount,total_enrollments,avg_enroll_prob,total_completions,avg_completion_prob,total_revenue,total_scholarships_spent,students_receiving_aid,net_revenue_per_student,cost_per_completion,revenue_change_pct,enrollment_change,completion_change
0,2858.064123054734,0.5716128246109468,1889.5420760187828,0.37790841520375656,99763878.47681653,0,0,34906.10223614846,0.0,0.0,0.0,0.0
1000,2873.6710494048884,0.5747342098809777,1904.4235740273757,0.38088471480547514,98511559.60412304,3000000,3000,34280.73635099045,1575.2798069264372,-1.2552828657162844,15.606926350154481,14.881498008592871
2000,2873.4680748960536,0.5746936149792107,1904.2848680955176,0.38085697361910353,98491914.98067853,3000000,1500,34276.32130008663,1575.3945485059235,-1.274973984129526,15.403951841319667,14.742792076734759
3000,2873.4565304684265,0.5746913060936854,1904.2544626651686,0.3808508925330337,98483214.9607108,3000000,1000,34273.43128961697,1575.419702995597,-1.2836945953372754,15.392407413692581,14.712386646385767
5000,2873.6102533158555,0.5747220506631711,1904.4089884720727,0.38088179769441455,98465551.66759667,3000000,600,34265.45111814568,1575.291871735457,-1.301399694000045,15.546130261121561,14.866912453289842
7500,2873.6018830522967,0.5747203766104594,1904.4516660597221,0.38089033321194443,98436181.22038646,3000000,400,34255.3301488754,1575.2565704158555,-1.3308396552952875,15.537759997562716,14.909590040939293
10000,2873.8236768121233,0.5747647353624247,1904.959493655012,0.3809918987310024,98375015.8310351,3000000,300,34231.40279091882,1574.8366356304791,-1.392149811120441,15.759553757389313,15.417417636229175
15000,2873.0953689481894,0.5746190737896378,1904.4246860276296,0.3808849372055259,98304809.02049118,3000000,200,34215.64424312151,1575.2788871150328,-1.462522787407885,15.031245893455434,14.882610008846768
