award_delta,avg_award,expected_deposits,expected_matriculants,expected_net_tuition,expected_aid_outlay,marginal_matriculants_vs_baseline
-2000,2301.0,1326.6,1115.9,22994203.0,2993153.0,-32.19999999999982
-1000,3293.0,1342.3,1132.0,22207712.0,4365206.0,-16.09999999999991
0,4293.0,1357.9,1148.1,21382321.0,5778623.0,0.0
1000,5293.0,1373.6,1164.3,20526218.0,7223328.0,16.200000000000045
2000,6293.0,1389.2,1180.7,19639143.0,8699323.0,32.600000000000136
3000,7293.0,1404.8,1197.1,18720814.0,10206608.0,49.0
4000,8293.0,1420.5,1213.5,17770617.0,11745182.0,65.40000000000009
5000,9293.0,1436.1,1230.0,16788104.0,13315045.0,81.90000000000009
