source_channel,inquiries,completed_apps,admits,deposits,matriculants,avg_counselor_priority,inquiry_share,matric_share,efficiency_gap,yield_rate
Agent,1126,384,277,103,95,59.06347744682874,0.09582978723404255,0.08953817153628653,-0.00629161569775602,0.37184115523465705
Campus Visit,1554,595,406,167,144,61.16356646633908,0.13225531914893618,0.1357210179076343,0.0034656987586981214,0.41133004926108374
Event,2239,838,591,231,208,60.76755653531661,0.1905531914893617,0.19604147031102734,0.0054882788216656375,0.39086294416243655
Referral,1331,541,385,162,128,61.25696047644254,0.11327659574468085,0.12064090480678605,0.007364309062105195,0.42077922077922075
School Counselor,1298,496,364,145,132,60.393354193844885,0.11046808510638298,0.12441093308199812,0.013942847975615139,0.3983516483516483
Search,2162,811,581,210,181,60.12693960945065,0.184,0.1705937794533459,-0.013406220546654107,0.3614457831325301
Website,2040,753,551,204,173,60.066737726775486,0.17361702127659576,0.16305372290292178,-0.01056329837367398,0.3702359346642468
